"age_group","prop"
"1-20",0.0534962064960505
"20-45",0.0962966387185873
"45-65",0.159096030833415
"65-80",0.315314430338786
"80+",0.375796693613161
